Number,power (%),df (mm),frequency (kHz),speed (mm/s)
1,25.5,2.4000000000000004,300.0,60.0
2,22.5,1.5,500.0,70.0
3,4.0,1.0,350.0,90.0
4,17.0,3.0,400.0,35.0
5,19.5,3.2,200.0,65.0
6,16.5,0.4,450.0,80.0
7,9.5,4.800000000000001,250.0,45.0
8,28.0,4.2,150.0,40.0
9,13.5,3.6,400.0,25.0
10,7.0,0.6000000000000001,200.0,95.0
