Number,power (%),df (mm),frequency (kHz),speed (mm/s),predict_R (ohm),predict_avg_GF,R(ohm),avg_GF,R after fatigue 2%,Rmax
1,9.5,0.1,150,35,-292.5383681,0,190,47.76190476,210,310.3
2,12.5,1.8,500,55,27.37589914,0,59.1,0,70.8,N/A
3,25.5,4.4,350,90,86.79733838,0,46.6,0,68,N/A
4,25,2,150,85,23.14438429,0,83.2,68.82268925,98.02,165.48
5,7,2.3,150,20,-96.89618409,0,500,0,N/A,N/A
6,9.5,3.2,250,65,12.36557438,0,11.3,14.58333333,14.4,16.5
7,27,0,500,100,427.338527,0,152.8,231.6326531,196,650
8,7,1.2,250,30,-201.4788697,0,500,0,N/A,N/A
